{
  "signal_definition": [
    {
      "sig_id": 199,
      "sig_name": "TPMONITOR_ENABLE_SIG",
      "sig_type": "REQ_SIG_TYPE",
      "sig_target_srv": 4,
      "sig_display_mode": 255,
      "sig_event_fields_num": 1,
      "sig_event_field": [
        {
          "ef_name": "Enable/Disable",
          "ef_type": "ENUM_TYPE",
          "ef_size": 4,
          "ef_enum_values_num": 2,
          "ef_enum_values": [
            {
              "enum_name": "Disable",
              "enum_value": 0
            },
            {
              "enum_name": "Enable",
              "enum_value": 1
            }
          ]
        }
      ]
    },
    {
      "sig_id": 29,
      "sig_name": "DEBUG_RESP_SIG",
      "sig_type": "RESP_SIG_TYPE",
      "sig_target_srv": 0,
      "sig_display_mode": 255,
      "sig_event_fields_num": 1,
      "sig_event_field": [
        {
          "ef_name": "evtReturn",
          "ef_type": "ENUM_TYPE",
          "ef_size": 4,
          "ef_enum_values_num": 4,
          "ef_enum_values": [
            {
              "enum_name": "RET_SUCCESS",
              "enum_value": 0
            },
            {
              "enum_name": "RET_FAIL",
              "enum_value": 1
            },
            {
              "enum_name": "RET_NOT_SUPPORTED",
              "enum_value": 2
            },
            {
              "enum_name": "RET_BUSY",
              "enum_value": 3
            }
          ]
        }
      ]
    },
    {
      "sig_id": 76,
      "sig_name": "POWER_SET_SIG",
      "sig_type": "REQ_SIG_TYPE",
      "sig_target_srv": 2,
      "sig_display_mode": 255,
      "sig_event_fields_num": 2,
      "sig_event_field": [
        {
          "ef_name": "POWER_SET_ID",
          "ef_type": "ENUM_TYPE",
          "ef_size": 1,
          "ef_enum_values_num": 7,
          "ef_enum_values": [
            {
              "enum_name": "SOFTWARE_REBOOT",
              "enum_value": 0
            },
            {
              "enum_name": "POWER_SET_ID_CHARGER_ON",
              "enum_value": 2
            },
            {
              "enum_name": "POWER_SET_ID_SLOW_CHARGER",
              "enum_value": 3
            },
            {
              "enum_name": "POWER_SET_ID_SHUT_DOWN",
              "enum_value": 4
            },
            {
              "enum_name": "POWER_SET_ID_AMP_SHUTDOWN",
              "enum_value": 5
            },
            {
              "enum_name": "POWER_SET_ID_BOOST_ENABLE",
              "enum_value": 6
            },
            {
              "enum_name": "POWER_SET_ID_RESET_CAPACITY",
              "enum_value": 7
            }
          ]
        },
        {
          "ef_name": "Enable/Disable",
          "ef_type": "ENUM_TYPE",
          "ef_size": 1,
          "ef_enum_values_num": 2,
          "ef_enum_values": [
            {
              "enum_name": "TRUE",
              "enum_value": 1
            },
            {
              "enum_name": "FALSE",
              "enum_value": 0
            }
          ]
        }
      ]
    },
    {
      "sig_id": 56,
      "sig_name": "LED_REQ_SIG",
      "sig_type": "REQ_SIG_TYPE",
      "sig_target_srv": 8,
      "sig_display_mode": 255,
      "sig_event_fields_num": 3,
      "sig_event_field": [
        {
          "ef_name": "led_cmd",
          "ef_type": "ENUM_TYPE",
          "ef_size": 4,
          "ef_enum_values_num": 3,
          "ef_enum_values": [
            {
              "enum_name": "LED_OFF_CMD",
              "enum_value": 0
            },
            {
              "enum_name": "LED_PURE_ON_CMD",
              "enum_value": 1
            },
            {
              "enum_name": "LED_PAT_ON_CMD",
              "enum_value": 2
            }
          ]
        },
        {
          "ef_name": "led_mask",
          "ef_type": "ENUM_TYPE",
          "ef_size": 4,
          "ef_enum_values_num": 16,
          "ef_enum_values": [
            {
              "enum_name": "MASK_ALL_LED",
              "enum_value": 8191
            },
            {
              "enum_name": "MASK_BATT_LED",
              "enum_value": 8184
            },
            {
              "enum_name": "MASK_RGB_LED",
              "enum_value": 7
            },
            {
              "enum_name": "MASK_RGB_RED_LED",
              "enum_value": 1
            },
            {
              "enum_name": "MASK_RGB_GREEN_LED",
              "enum_value": 2
            },
            {
              "enum_name": "MASK_RGB_BLUE_LED",
              "enum_value": 4
            },
            {
              "enum_name": "MASK_BATT_1_LED",
              "enum_value": 8
            },
            {
              "enum_name": "MASK_BATT_2_LED",
              "enum_value": 16
            },
            {
              "enum_name": "MASK_BATT_3_LED",
              "enum_value": 32
            },
            {
              "enum_name": "MASK_BATT_4_LED",
              "enum_value": 64
            },
            {
              "enum_name": "MASK_BATT_5_LED",
              "enum_value": 128
            },
            {
              "enum_name": "MASK_BATT_6_LED",
              "enum_value": 256
            },
            {
              "enum_name": "MASK_BATT_7_LED",
              "enum_value": 512
            },
            {
              "enum_name": "MASK_BATT_8_LED",
              "enum_value": 1024
            },
            {
              "enum_name": "MASK_BATT_9_LED",
              "enum_value": 2048
            },
            {
              "enum_name": "MASK_BATT_10_LED",
              "enum_value": 4096
            }
          ]
        },
        {
          "ef_name": "led_pattern",
          "ef_type": "ENUM_TYPE",
          "ef_size": 4,
          "ef_enum_values_num": 4,
          "ef_enum_values": [
            {
              "enum_name": "LED_OFF",
              "enum_value": 0
            },
            {
              "enum_name": "LED_ON",
              "enum_value": 1
            },
			{
              "enum_name": "QUICK_FLASH_PAT_RED",
              "enum_value": 15
			},
			{
              "enum_name": "QUICK_FLASH_ONCE_PAT_WHITE",
              "enum_value": 17
			}
          ]
        }
      ]
    },
    {
      "sig_id": 22,
      "sig_name": "BT_STATE_SIG",
      "sig_type": "IND_SIG_TYPE",
      "sig_target_srv": 0,
      "sig_display_mode": 255,
      "sig_event_fields_num": 1,
      "sig_event_field": [
        {
          "ef_name": "btStatus",
          "ef_type": "ENUM_TYPE",
          "ef_size": 4,
          "ef_enum_values_num": 9,
          "ef_enum_values": [
            {
              "enum_name": "BT_CONNECTABLE_STA",
              "enum_value": 0
            },
            {
              "enum_name": "BT_DISCOVERABLE_STA",
              "enum_value": 1
            },
            {
              "enum_name": "BT_CONNECTED_STA",
              "enum_value": 2
            },
            {
              "enum_name": "BT_STREAMING_A2DP_STA",
              "enum_value": 3
            },
            {
              "enum_name": "BT_AUDIO_CUE_START_STA",
              "enum_value": 17
            },
            {
              "enum_name": "BT_AUDIO_CUE_STOP_STA",
              "enum_value": 18
            },
            {
              "enum_name": "BT_LINKLOST_STA",
              "enum_value": 14
            },
            {
              "enum_name": "BT_LINKLOST_OFF_STA",
              "enum_value": 15
            },
            {
              "enum_name": "BT_MAX_STA",
              "enum_value": 32
            }
          ]
        }
      ]
    },
    {
      "sig_id": 88,
      "sig_name": "AUDIO_SET_SIG",
      "sig_type": "REQ_SIG_TYPE",
      "sig_target_srv": 7,
      "sig_display_mode": 255,
      "sig_event_fields_num": 4,
      "sig_event_field": [
        {
          "ef_name": "Set_ID",
          "ef_type": "ENUM_TYPE",
          "ef_size": 4,
          "ef_enum_values_num": 4,
          "ef_enum_values": [
            {
              "enum_name": "DSP_VOLUME_SETT_ID",
              "enum_value": 0
            },
            {
              "enum_name": "AUDIO_DSP_BASS_SETT_ID",
              "enum_value": 13
            },
            {
              "enum_name": "AUDIO_DSP_TREBLE_SETT_ID",
              "enum_value": 14
            },
            {
              "enum_name": "DSP_PASSTHROUGH_SETT_ID",
              "enum_value": 19
            }
          ]
        },
        {
          "ef_name": "Enable/Disable",
          "ef_type": "ENUM_TYPE",
          "ef_size": 4,
          "ef_enum_values_num": 2,
          "ef_enum_values": [
            {
              "enum_name": "TRUE",
              "enum_value": 1
            },
            {
              "enum_name": "FALSE",
              "enum_value": 0
            }
          ]
        },
        {
          "ef_name": "value",
          "ef_type": "NUMBER_TYPE",
          "ef_size": 4
        },
        {
          "ef_name": "not_used",
          "ef_type": "NUMBER_TYPE",
          "ef_size": 4
        }
      ]
    },
    {
      "sig_id": 86,
      "sig_name": "AUDIO_MUTE_SIG",
      "sig_type": "REQ_SIG_TYPE",
      "sig_target_srv": 7,
      "sig_display_mode": 255,
      "sig_event_fields_num": 2,
      "sig_event_field": [
        {
          "ef_name": "mute",
          "ef_type": "ENUM_TYPE",
          "ef_size": 4,
          "ef_enum_values_num": 2,
          "ef_enum_values": [
            {
              "enum_name": "Mute",
              "enum_value": 1
            },
            {
              "enum_name": "Unmute",
              "enum_value": 0
            }
          ]
        },
        {
          "ef_name": "audioMuteType",
          "ef_type": "ENUM_TYPE",
          "ef_size": 4,
          "ef_enum_values_num": 8,
          "ef_enum_values": [
            {
              "enum_name": "AUDIO_SOURCE_MUTE",
              "enum_value": 0
            },
            {
              "enum_name": "AUDIO_AMP_SOFT_MUTE",
              "enum_value": 4
            },
            {
              "enum_name": "AUDIO_AMP_SOFT_MUTE_TW1",
              "enum_value": 6
            },
            {
              "enum_name": "AUDIO_AMP_SOFT_MUTE_TW2",
              "enum_value": 7
            },
            {
              "enum_name": "AUDIO_AMP_SOFT_MUTE_WF",
              "enum_value": 8
            },
            {
              "enum_name": "AUDIO_DSP_MUTE_WF",
              "enum_value": 15
            },
            {
              "enum_name": "AUDIO_DSP_MUTE_TW1",
              "enum_value": 17
            },
            {
              "enum_name": "AUDIO_DSP_MUTE_TW2",
              "enum_value": 18
            }
          ]
        }
      ]
    },
    {
      "sig_id": 87,
      "sig_name": "AUDIO_SWITCH_CHANNEL_SIG",
      "sig_type": "REQ_SIG_TYPE",
      "sig_target_srv": 7,
      "sig_display_mode": 255,
      "sig_event_fields_num": 1,
      "sig_event_field": [
        {
          "ef_name": "Audio_Channel",
          "ef_type": "ENUM_TYPE",
          "ef_size": 4,
          "ef_enum_values_num": 2,
          "ef_enum_values": [
            {
              "enum_name": "AUDIO_CHANNEL_AUXIN",
              "enum_value": 4
            },
            {
              "enum_name": "AUDIO_CHANNEL_BT",
              "enum_value": 18
            }
          ]
        }
      ]
    },
    {
      "sig_id": 34,
      "sig_name": "AUDIO_MUTE_RESP_SIG",
      "sig_type": "RESP_SIG_TYPE",
      "sig_target_srv": 0,
      "sig_display_mode": 255,
      "sig_event_fields_num": 1,
      "sig_event_field": [
        {
          "ef_name": "evtReturn",
          "ef_type": "ENUM_TYPE",
          "ef_size": 4,
          "ef_enum_values_num": 4,
          "ef_enum_values": [
            {
              "enum_name": "RET_SUCCESS",
              "enum_value": 0
            },
            {
              "enum_name": "RET_FAIL",
              "enum_value": 1
            },
            {
              "enum_name": "RET_NOT_SUPPORTED",
              "enum_value": 2
            },
            {
              "enum_name": "RET_BUSY",
              "enum_value": 3
            }
          ]
        }
      ]
    },
    {
      "sig_id": 95,
      "sig_name": "BT_REQ_SIG",
      "sig_type": "REQ_SIG_TYPE",
      "sig_target_srv": 11,
      "sig_display_mode": 255,
      "sig_event_fields_num": 1,
      "sig_event_field": [
        {
          "ef_name": "eBtCmd",
          "ef_type": "ENUM_TYPE",
          "ef_size": 4,
          "ef_enum_values_num": 22,
          "ef_enum_values": [
            {
              "enum_name": "BT_ENTER_PAIRING_CMD",
              "enum_value": 0
            },
            {
              "enum_name": "BT_ENTER_CONNECTABLE_CMD",
              "enum_value": 1
            },
            {
              "enum_name": "BT_RESET_PAIR_LIST_CMD",
              "enum_value": 2
            },
            {
              "enum_name": "BT_RECONNECT_CMD",
              "enum_value": 6
            },
            {
              "enum_name": "BT_AVRCP_PAUSE_CMD",
              "enum_value": 7
            },
            {
              "enum_name": "BT_AVRCP_PLAY_CMD",
              "enum_value": 8
            },
            {
              "enum_name": "BT_DISCONNECT_CMD",
              "enum_value": 11
            },
            {
              "enum_name": "BT_QUERY_STATUS_CMD",
              "enum_value": 14
            },
            {
              "enum_name": "BT_PAIRING_START_CUE_CMD",
              "enum_value": 16
            },
            {
              "enum_name": "BT_PAIRING_SUCCESS_CUE_CMD",
              "enum_value": 17
            },
            {
              "enum_name": "BT_PAIRING_FAIL_CUE_CMD",
              "enum_value": 18
            },
            {
              "enum_name": "BT_CHARGING_CUE_CMD",
              "enum_value": 23
            },
            {
              "enum_name": "BT_BAT_LOW_CUE_CMD",
              "enum_value": 24
            },
            {
              "enum_name": "BT_BAT_FULL_CUE_CMD",
              "enum_value": 25
            },
            {
              "enum_name": "BT_TEST_CUE_CMD",
              "enum_value": 26
            },
            {
              "enum_name": "BT_BATT_1_CMD",
              "enum_value": 27
            },
            {
              "enum_name": "BT_BATT_2_CMD",
              "enum_value": 28
            },
            {
              "enum_name": "BT_BATT_3_CMD",
              "enum_value": 29
            },
            {
              "enum_name": "BT_BATT_4_CMD",
              "enum_value": 30
            },
            {
              "enum_name": "BT_BATT_5_CMD",
              "enum_value": 31
            },
            {
              "enum_name": "BT_BATT_6_CMD",
              "enum_value": 32
            },
            {
              "enum_name": "BT_PWR_ON_CMD",
              "enum_value": 80
            },
            {
              "enum_name": "BT_PWR_OFF_CMD",
              "enum_value": 81
            }
          ]
        }
      ]
    },
    {
      "sig_id": 135,
      "sig_name": "MAINAPP_STANDBY_SIG",
      "sig_type": "IND_SIG_TYPE",
      "sig_target_srv": 31,
      "sig_display_mode": 255,
      "sig_event_fields_num": 0,
      "sig_event_field": [
      ]
    },
    {
      "sig_id": 134,
      "sig_name": "MAINAPP_ACTIVE_SIG",
      "sig_type": "IND_SIG_TYPE",
      "sig_target_srv": 31,
      "sig_display_mode": 255,
      "sig_event_fields_num": 0,
      "sig_event_field": [
      ]
    },
    {
      "sig_id": 136,
      "sig_name": "MAINAPP_RESTART_SIG",
      "sig_type": "IND_SIG_TYPE",
      "sig_target_srv": 31,
      "sig_display_mode": 255,
      "sig_event_fields_num": 0,
      "sig_event_field": [
      ]
    },
    {
      "sig_id": 137,
      "sig_name": "MAINAPP_SHOP_SIG",
      "sig_type": "IND_SIG_TYPE",
      "sig_target_srv": 31,
      "sig_display_mode": 255,
      "sig_event_fields_num": 0,
      "sig_event_field": [
      ]
    },
    {
      "sig_id": 133,
      "sig_name": "MAINAPP_SLEEP_SIG",
      "sig_type": "IND_SIG_TYPE",
      "sig_target_srv": 31,
      "sig_display_mode": 255,
      "sig_event_fields_num": 0,
      "sig_event_field": [
      ]
    },
    {
      "sig_id": 138,
      "sig_name": "MAINAPP_SHUTDOWN_SIG",
      "sig_type": "IND_SIG_TYPE",
      "sig_target_srv": 31,
      "sig_display_mode": 255,
      "sig_event_fields_num": 0,
      "sig_event_field": [
      ]
    },
    {
      "sig_id": 139,
      "sig_name": "MAINAPP_SHOW_VERSION_SIG",
      "sig_type": "IND_SIG_TYPE",
      "sig_target_srv": 31,
      "sig_display_mode": 255,
      "sig_event_fields_num": 0,
      "sig_event_field": [
      ]
    },
    {
      "sig_id": 140,
      "sig_name": "MAINAPP_FACTORY_RESET_SIG",
      "sig_type": "IND_SIG_TYPE",
      "sig_target_srv": 31,
      "sig_display_mode": 255,
      "sig_event_fields_num": 0,
      "sig_event_field": [
      ]
    },
    {
      "sig_id": 141,
      "sig_name": "MAINAPP_SWITCH_CHANNEL_SIG",
      "sig_type": "REQ_SIG_TYPE",
      "sig_target_srv": 31,
      "sig_display_mode": 255,
      "sig_event_fields_num": 1,
      "sig_event_field": [
        {
          "ef_name": "Audio_Channel",
          "ef_type": "ENUM_TYPE",
          "ef_size": 4,
          "ef_enum_values_num": 2,
          "ef_enum_values": [
            {
              "enum_name": "AUDIO_CHANNEL_AUXIN",
              "enum_value": 4
            },
            {
              "enum_name": "AUDIO_CHANNEL_BT",
              "enum_value": 18
            }
          ]
        }
      ]
    },
    {
      "sig_id": 142,
      "sig_name": "MAINAPP_SET_AUDIO_SIG",
      "sig_type": "REQ_SIG_TYPE",
      "sig_target_srv": 31,
      "sig_display_mode": 255,
      "sig_event_fields_num": 4,
      "sig_event_field": [
        {
          "ef_name": "Set_ID",
          "ef_type": "ENUM_TYPE",
          "ef_size": 4,
          "ef_enum_values_num": 2,
          "ef_enum_values": [
            {
              "enum_name": "DSP_VOLUME_SETT_ID",
              "enum_value": 0
            },
            {
              "enum_name": "DSP_PASSTHROUGH_SETT_ID",
              "enum_value": 19
            }
          ]
        },
        {
          "ef_name": "Enable/Disable",
          "ef_type": "ENUM_TYPE",
          "ef_size": 4,
          "ef_enum_values_num": 2,
          "ef_enum_values": [
            {
              "enum_name": "FALSE",
              "enum_value": 0
            },
            {
              "enum_name": "TRUE",
              "enum_value": 1
            }
          ]
        },
        {
          "ef_name": "value",
          "ef_type": "NUMBER_TYPE",
          "ef_size": 4
        },
        {
          "ef_name": "not_used",
          "ef_type": "NUMBER_TYPE",
          "ef_size": 4
        }
      ]
    },
    {
      "sig_id": 7,
      "sig_name": "KEY_STATE_SIG",
      "sig_type": "IND_SIG_TYPE",
      "sig_target_srv": 0,
      "sig_display_mode": 255,
      "sig_event_fields_num": 3,
      "sig_event_field": [
        {
          "ef_name": "keyId",
          "ef_type": "ENUM_TYPE",
          "ef_size": 4,
          "ef_enum_values_num": 6,
          "ef_enum_values": [
            {
              "enum_name": "PLAY_PAUSE_KEY",
              "enum_value": 13
            },
            {
              "enum_name": "BT_KEY",
              "enum_value": 19
            },
            {
              "enum_name": "VOLUME_KNOB_BASE_KEY_ID",
              "enum_value": 59
            },
            {
              "enum_name": "BASS_KNOB_BASE_KEY_ID",
              "enum_value": 60
            },
            {
              "enum_name": "TREBLE_KNOB_BASE_KEY_ID",
              "enum_value": 61
            },
            {
              "enum_name": "COMB_KEY_FACTORY_RESET",
              "enum_value": 50
            }
          ]
        },
        {
          "ef_name": "keyEvent",
          "ef_type": "ENUM_TYPE",
          "ef_size": 4,
          "ef_enum_values_num": 11,
          "ef_enum_values": [
            {
              "enum_name": "KEY_EVT_INVALID",
              "enum_value": 0
            },
            {
              "enum_name": "KEY_EVT_DOWN",
              "enum_value": 1
            },
            {
              "enum_name": "KEY_EVT_HOLD",
              "enum_value": 2
            },
            {
              "enum_name": "KEY_EVT_REPEAT",
              "enum_value": 3
            },
            {
              "enum_name": "KEY_EVT_VERY_LONG_HOLD",
              "enum_value": 4
            },
            {
              "enum_name": "COMB_KEY_EVT",
              "enum_value": 5
            },
            {
              "enum_name": "KEY_EVT_UP",
              "enum_value": 6
            },
            {
              "enum_name": "KEY_EVT_SHORT_PRESS",
              "enum_value": 7
            },
            {
              "enum_name": "KEY_EVT_LONG_PRESS",
              "enum_value": 8
            },
            {
              "enum_name": "KEY_EVT_VERY_LONG_PRESS",
              "enum_value": 9
            },
            {
              "enum_name": "KEY_EVT_DOUBLE_PRESS",
              "enum_value": 10
            }
          ]
        },
        {
          "ef_name": "INDEX",
          "ef_type": "NUMBER_TYPE",
          "ef_size": 1
        }
      ]
    },
    {
      "sig_id": 62,
      "sig_name": "KEY_DEBUG_REQ_SIG",
      "sig_type": "REQ_SIG_TYPE",
      "sig_target_srv": 3,
      "sig_display_mode": 255,
      "sig_event_fields_num": 3,
      "sig_event_field": [
        {
          "ef_name": "eDbgKeyReq",
          "ef_type": "ENUM_TYPE",
          "ef_size": 4,
          "ef_enum_values_num": 1,
          "ef_enum_values": [
            {
              "enum_name": "DEBUG_RAW_DATA_REQ",
              "enum_value": 1
            }
          ]
        },
        {
          "ef_name": "keyEvent",
          "ef_type": "ENUM_TYPE",
          "ef_size": 4,
          "ef_enum_values_num": 11,
          "ef_enum_values": [
            {
              "enum_name": "KEY_EVT_INVALID",
              "enum_value": 0
            },
            {
              "enum_name": "KEY_EVT_DOWN",
              "enum_value": 1
            },
            {
              "enum_name": "KEY_EVT_HOLD",
              "enum_value": 2
            },
            {
              "enum_name": "KEY_EVT_REPEAT",
              "enum_value": 3
            },
            {
              "enum_name": "KEY_EVT_VERY_LONG_HOLD",
              "enum_value": 4
            },
            {
              "enum_name": "COMB_KEY_EVT",
              "enum_value": 5
            },
            {
              "enum_name": "KEY_EVT_UP",
              "enum_value": 6
            },
            {
              "enum_name": "KEY_EVT_SHORT_PRESS",
              "enum_value": 7
            },
            {
              "enum_name": "KEY_EVT_LONG_PRESS",
              "enum_value": 8
            },
            {
              "enum_name": "KEY_EVT_VERY_LONG_PRESS",
              "enum_value": 9
            },
            {
              "enum_name": "KEY_EVT_DOUBLE_PRESS",
              "enum_value": 10
            }
          ]
        },
        {
          "ef_name": "keyId",
          "ef_type": "ENUM_TYPE",
          "ef_size": 4,
          "ef_enum_values_num": 6,
          "ef_enum_values": [
            {
              "enum_name": "PLAY_PAUSE_KEY",
              "enum_value": 13
            },
            {
              "enum_name": "BT_KEY",
              "enum_value": 19
            },
            {
              "enum_name": "VOLUME_KNOB_BASE_KEY_ID",
              "enum_value": 59
            },
            {
              "enum_name": "BASS_KNOB_BASE_KEY_ID",
              "enum_value": 60
            },
            {
              "enum_name": "TREBLE_KNOB_BASE_KEY_ID",
              "enum_value": 61
            },
            {
              "enum_name": "COMB_KEY_FACTORY_RESET",
              "enum_value": 50
            }
          ]
        }
      ]
    },
    {
      "sig_id": 30,
      "sig_name": "KEY_DEBUG_RESP_SIG",
      "sig_type": "RESP_SIG_TYPE",
      "sig_target_srv": 0,
      "sig_display_mode": 3,
      "sig_event_fields_num": 3,
      "sig_event_field": [
        {
          "ef_name": "keyId",
          "ef_type": "ENUM_TYPE",
          "ef_size": 4,
          "ef_enum_values_num": 6,
          "ef_enum_values": [
            {
              "enum_name": "PLAY_PAUSE_KEY",
              "enum_value": 13
            },
            {
              "enum_name": "BT_KEY",
              "enum_value": 19
            },
            {
              "enum_name": "VOLUME_KNOB_BASE_KEY_ID",
              "enum_value": 59
            },
            {
              "enum_name": "BASS_KNOB_BASE_KEY_ID",
              "enum_value": 60
            },
            {
              "enum_name": "TREBLE_KNOB_BASE_KEY_ID",
              "enum_value": 61
            },
            {
              "enum_name": "COMB_KEY_FACTORY_RESET",
              "enum_value": 50
            }
          ]
        },
        {
          "ef_name": "evtReturn",
          "ef_type": "ENUM_TYPE",
          "ef_size": 4,
          "ef_enum_values_num": 4,
          "ef_enum_values": [
            {
              "enum_name": "RET_SUCCESS",
              "enum_value": 0
            },
            {
              "enum_name": "RET_FAIL",
              "enum_value": 1
            },
            {
              "enum_name": "RET_NOT_SUPPORTED",
              "enum_value": 2
            },
            {
              "enum_name": "RET_BUSY",
              "enum_value": 3
            }
          ]
        },
        {
          "ef_name": "rawData",
          "ef_type": "NUMBER_TYPE",
          "ef_size": 2
        }
      ]
    },
    {
      "sig_id": 106,
      "sig_name": "SETTING_READ_OFFSET_REQ_SIG",
      "sig_type": "REQ_SIG_TYPE",
      "sig_target_srv": 12,
      "sig_display_mode": 255,
      "sig_event_fields_num": 3,
      "sig_event_field": [
        {
          "ef_name": "setting_id",
          "ef_type": "ENUM_TYPE",
          "ef_size": 4,
          "ef_enum_values_num": 22,
          "ef_enum_values": [
            {
              "enum_name": "SETID_VOLUME",
              "enum_value": 0
            },
            {
              "enum_name": "SETID_TREBLE",
              "enum_value": 1
            },
            {
              "enum_name": "SETID_BASS",
              "enum_value": 2
            },
            {
              "enum_name": "SETID_DISPLAY_CAPACITY",
              "enum_value": 3
            },
            {
              "enum_name": "SETID_BT_STATUS",
              "enum_value": 4
            },
            {
              "enum_name": "SETID_AUDIO_SOURCE",
              "enum_value": 5
            },
            {
              "enum_name": "SETID_BATTERY_CAPACITY",
              "enum_value": 6
            },
            {
              "enum_name": "SETID_BATTERY_STATUS",
              "enum_value": 7
            },
            {
              "enum_name": "SETID_BATTERY_CHARGE_TEMP_LEVEL",
              "enum_value": 8
            },
            {
              "enum_name": "SETID_BATTERY_DISCHARGE_TEMP_LEVEL",
              "enum_value": 9
            },
            {
              "enum_name": "SETID_SW_VER",
              "enum_value": 10
            },
            {
              "enum_name": "SETID_HW_VER",
              "enum_value": 11
            },
            {
              "enum_name": "SETID_IS_OVER_HEAT",
              "enum_value": 12
            },
            {
              "enum_name": "SETID_IS_AUXIN_PLUG_IN",
              "enum_value": 13
            },
            {
              "enum_name": "SETID_IS_PWR_SWITH_ON",
              "enum_value": 14
            },
            {
              "enum_name": "SETID_MUSIC_DET",
              "enum_value": 15
            },
            {
              "enum_name": "SETID_SYSTEM_SLEEP",
              "enum_value": 16
            },
            {
              "enum_name": "SETID_IS_DC_PLUG_IN",
              "enum_value": 17
            },
            {
              "enum_name": "SETID_IS_AMP_FAULT",
              "enum_value": 18
            },
            {
              "enum_name": "SETID_SHOP_MODE_WORD",
              "enum_value": 19
            },
            {
              "enum_name": "SETID_BT_VER",
              "enum_value": 20
            },
            {
              "enum_name": "SETID_DSP_VER",
              "enum_value": 21
            }
          ]
        },
        {
          "ef_name": "offset",
          "ef_type": "NUMBER_TYPE",
          "ef_size": 2
        },
        {
          "ef_name": "size",
          "ef_type": "NUMBER_TYPE",
          "ef_size": 2
        }
      ]
    },
    {
      "sig_id": 46,
      "sig_name": "SETTING_READ_OFFSET_RESP_SIG",
      "sig_type": "RESP_SIG_TYPE",
      "sig_target_srv": 0,
      "sig_display_mode": 3,
      "sig_event_fields_num": 5,
      "sig_event_field": [
        {
          "ef_name": "evtReturn",
          "ef_type": "ENUM_TYPE",
          "ef_size": 4,
          "ef_enum_values_num": 4,
          "ef_enum_values": [
            {
              "enum_name": "RET_SUCCESS",
              "enum_value": 0
            },
            {
              "enum_name": "RET_FAIL",
              "enum_value": 1
            },
            {
              "enum_name": "RET_NOT_SUPPORTED",
              "enum_value": 2
            },
            {
              "enum_name": "RET_BUSY",
              "enum_value": 3
            }
          ]
        },
        {
          "ef_name": "setting_id",
          "ef_type": "ENUM_TYPE",
          "ef_size": 4,
          "ef_enum_values_num": 22,
          "ef_enum_values": [
            {
              "enum_name": "SETID_VOLUME",
              "enum_value": 0
            },
            {
              "enum_name": "SETID_TREBLE",
              "enum_value": 1
            },
            {
              "enum_name": "SETID_BASS",
              "enum_value": 2
            },
            {
              "enum_name": "SETID_DISPLAY_CAPACITY",
              "enum_value": 3
            },
            {
              "enum_name": "SETID_BT_STATUS",
              "enum_value": 4
            },
            {
              "enum_name": "SETID_AUDIO_SOURCE",
              "enum_value": 5
            },
            {
              "enum_name": "SETID_BATTERY_CAPACITY",
              "enum_value": 6
            },
            {
              "enum_name": "SETID_BATTERY_STATUS",
              "enum_value": 7
            },
            {
              "enum_name": "SETID_BATTERY_CHARGE_TEMP_LEVEL",
              "enum_value": 8
            },
            {
              "enum_name": "SETID_BATTERY_DISCHARGE_TEMP_LEVEL",
              "enum_value": 9
            },
            {
              "enum_name": "SETID_SW_VER",
              "enum_value": 10
            },
            {
              "enum_name": "SETID_HW_VER",
              "enum_value": 11
            },
            {
              "enum_name": "SETID_IS_OVER_HEAT",
              "enum_value": 12
            },
            {
              "enum_name": "SETID_IS_AUXIN_PLUG_IN",
              "enum_value": 13
            },
            {
              "enum_name": "SETID_IS_PWR_SWITH_ON",
              "enum_value": 14
            },
            {
              "enum_name": "SETID_MUSIC_DET",
              "enum_value": 15
            },
            {
              "enum_name": "SETID_SYSTEM_SLEEP",
              "enum_value": 16
            },
            {
              "enum_name": "SETID_IS_DC_PLUG_IN",
              "enum_value": 17
            },
            {
              "enum_name": "SETID_IS_AMP_FAULT",
              "enum_value": 18
            },
            {
              "enum_name": "SETID_SHOP_MODE_WORD",
              "enum_value": 19
            },
            {
              "enum_name": "SETID_BT_VER",
              "enum_value": 20
            },
            {
              "enum_name": "SETID_DSP_VER",
              "enum_value": 21
            }
          ]
        },
        {
          "ef_name": "offset",
          "ef_type": "NUMBER_TYPE",
          "ef_size": 2
        },
        {
          "ef_name": "size",
          "ef_type": "NUMBER_TYPE",
          "ef_size": 2
        },
        {
          "ef_name": "data",
          "ef_type": "BSTREAM_TYPE",
          "ef_size": 8
        }
      ]
    },
    {
      "sig_id": 105,
      "sig_name": "SETTING_WRITE_OFFSET_REQ_SIG",
      "sig_type": "REQ_SIG_TYPE",
      "sig_target_srv": 12,
      "sig_display_mode": 255,
      "sig_event_fields_num": 4,
      "sig_event_field": [
        {
          "ef_name": "setting_id",
          "ef_type": "ENUM_TYPE",
          "ef_size": 4,
          "ef_enum_values_num": 22,
          "ef_enum_values": [
            {
              "enum_name": "SETID_VOLUME",
              "enum_value": 0
            },
            {
              "enum_name": "SETID_TREBLE",
              "enum_value": 1
            },
            {
              "enum_name": "SETID_BASS",
              "enum_value": 2
            },
            {
              "enum_name": "SETID_DISPLAY_CAPACITY",
              "enum_value": 3
            },
            {
              "enum_name": "SETID_BT_STATUS",
              "enum_value": 4
            },
            {
              "enum_name": "SETID_AUDIO_SOURCE",
              "enum_value": 5
            },
            {
              "enum_name": "SETID_BATTERY_CAPACITY",
              "enum_value": 6
            },
            {
              "enum_name": "SETID_BATTERY_STATUS",
              "enum_value": 7
            },
            {
              "enum_name": "SETID_BATTERY_CHARGE_TEMP_LEVEL",
              "enum_value": 8
            },
            {
              "enum_name": "SETID_BATTERY_DISCHARGE_TEMP_LEVEL",
              "enum_value": 9
            },
            {
              "enum_name": "SETID_SW_VER",
              "enum_value": 10
            },
            {
              "enum_name": "SETID_HW_VER",
              "enum_value": 11
            },
            {
              "enum_name": "SETID_IS_OVER_HEAT",
              "enum_value": 12
            },
            {
              "enum_name": "SETID_IS_AUXIN_PLUG_IN",
              "enum_value": 13
            },
            {
              "enum_name": "SETID_IS_PWR_SWITH_ON",
              "enum_value": 14
            },
            {
              "enum_name": "SETID_MUSIC_DET",
              "enum_value": 15
            },
            {
              "enum_name": "SETID_SYSTEM_SLEEP",
              "enum_value": 16
            },
            {
              "enum_name": "SETID_IS_DC_PLUG_IN",
              "enum_value": 17
            },
            {
              "enum_name": "SETID_IS_AMP_FAULT",
              "enum_value": 18
            },
            {
              "enum_name": "SETID_SHOP_MODE_WORD",
              "enum_value": 19
            },
            {
              "enum_name": "SETID_BT_VER",
              "enum_value": 20
            },
            {
              "enum_name": "SETID_DSP_VER",
              "enum_value": 21
            }
          ]
        },
        {
          "ef_name": "offset",
          "ef_type": "NUMBER_TYPE",
          "ef_size": 2
        },
        {
          "ef_name": "size",
          "ef_type": "NUMBER_TYPE",
          "ef_size": 2
        },
        {
          "ef_name": "data",
          "ef_type": "BSTREAM_TYPE",
          "ef_size": 8
        }
      ]
    }
  ]
}
